#Data tag : online , Norm tag: None
#run:fill,ls,time,beamstatus,E(GeV),delivered(/ub),recorded(/ub),avgpu,source
257490:4420,1:1,09/25/15 18:55:00,STABLE BEAMS,6500,59085.017,57661.731,13.8,PXL
257490:4420,2:2,09/25/15 18:55:23,STABLE BEAMS,6500,59436.930,57974.338,13.9,PXL
257490:4420,5:5,09/25/15 18:56:33,STABLE BEAMS,6500,59376.061,57950.702,13.8,PXL
257490:4420,6:6,09/25/15 18:56:56,STABLE BEAMS,6500,59314.341,57872.797,13.8,PXL
257490:4420,7:7,09/25/15 18:57:20,STABLE BEAMS,6500,59285.958,57832.155,13.8,PXL
257490:4420,8:8,09/25/15 18:57:43,STABLE BEAMS,6500,58659.679,57214.976,13.7,PXL
257490:4420,9:9,09/25/15 18:58:06,STABLE BEAMS,6500,59308.390,57827.634,13.8,PXL
257490:4420,10:10,09/25/15 18:58:30,STABLE BEAMS,6500,59490.484,58064.709,13.9,PXL
257490:4420,11:11,09/25/15 18:58:53,STABLE BEAMS,6500,59586.466,58090.543,13.9,PXL
257490:4420,12:12,09/25/15 18:59:16,STABLE BEAMS,6500,59715.621,58254.779,13.9,PXL
257490:4420,13:13,09/25/15 18:59:40,STABLE BEAMS,6500,58938.591,57482.237,13.7,PXL
257490:4420,14:14,09/25/15 19:00:03,STABLE BEAMS,6500,58967.269,57565.108,13.7,PXL
257490:4420,16:16,09/25/15 19:00:50,STABLE BEAMS,6500,59546.435,57990.378,13.9,PXL
257490:4420,17:17,09/25/15 19:01:13,STABLE BEAMS,6500,59064.910,57643.771,13.8,PXL
257490:4420,20:20,09/25/15 19:02:23,STABLE BEAMS,6500,59033.130,57601.393,13.8,PXL
257490:4420,25:25,09/25/15 19:04:19,STABLE BEAMS,6500,59270.913,57777.528,13.8,PXL
257490:4420,28:28,09/25/15 19:05:29,STABLE BEAMS,6500,59272.514,57777.242,13.8,PXL
257490:4420,30:30,09/25/15 19:06:16,STABLE BEAMS,6500,59113.035,57546.497,13.8,PXL
257490:4420,31:31,09/25/15 19:06:39,STABLE BEAMS,6500,59447.833,57940.699,13.9,PXL
257490:4420,32:32,09/25/15 19:07:03,STABLE BEAMS,6500,59545.070,57989.004,13.9,PXL
257490:4420,33:33,09/25/15 19:07:26,STABLE BEAMS,6500,58511.247,56993.515,13.6,PXL
257490:4420,34:34,09/25/15 19:07:49,STABLE BEAMS,6500,59665.562,58196.230,13.9,PXL
257490:4420,35:35,09/25/15 19:08:12,STABLE BEAMS,6500,58823.514,57292.361,13.7,PXL
257490:4420,37:37,09/25/15 19:08:59,STABLE BEAMS,6500,58568.054,57057.587,13.7,PXL
257490:4420,38:38,09/25/15 19:09:22,STABLE BEAMS,6500,58599.227,57089.628,13.7,PXL
257490:4420,40:40,09/25/15 19:10:09,STABLE BEAMS,6500,59310.611,57779.401,13.8,PXL
257490:4420,42:42,09/25/15 19:10:56,STABLE BEAMS,6500,58854.942,57270.962,13.7,PXL
257490:4420,43:43,09/25/15 19:11:19,STABLE BEAMS,6500,58949.677,57459.240,13.7,PXL
257490:4420,45:45,09/25/15 19:12:06,STABLE BEAMS,6500,58970.385,57483.824,13.7,PXL
257490:4420,47:47,09/25/15 19:12:52,STABLE BEAMS,6500,59183.312,57676.372,13.8,PXL
257490:4420,49:49,09/25/15 19:13:39,STABLE BEAMS,6500,59501.707,58059.771,13.9,PXL
257490:4420,50:50,09/25/15 19:14:02,STABLE BEAMS,6500,58798.599,57336.756,13.7,PXL
257490:4420,51:51,09/25/15 19:14:25,STABLE BEAMS,6500,58898.919,57454.223,13.7,PXL
257490:4420,52:52,09/25/15 19:14:49,STABLE BEAMS,6500,59266.608,57839.588,13.8,PXL
257490:4420,53:53,09/25/15 19:15:12,STABLE BEAMS,6500,58643.537,57217.683,13.7,PXL
257490:4420,55:55,09/25/15 19:15:59,STABLE BEAMS,6500,58922.711,57480.299,13.7,PXL
257490:4420,56:56,09/25/15 19:16:22,STABLE BEAMS,6500,59057.320,57647.532,13.8,PXL
257490:4420,57:57,09/25/15 19:16:45,STABLE BEAMS,6500,58877.185,57441.061,13.7,PXL
257490:4420,59:59,09/25/15 19:17:32,STABLE BEAMS,6500,58903.394,57436.341,13.7,PXL
257490:4420,60:60,09/25/15 19:17:55,STABLE BEAMS,6500,59339.929,57875.584,13.8,PXL
257490:4420,61:61,09/25/15 19:18:19,STABLE BEAMS,6500,58549.645,57134.723,13.7,PXL
257490:4420,62:62,09/25/15 19:18:42,STABLE BEAMS,6500,58693.975,57289.423,13.7,PXL
257490:4420,63:63,09/25/15 19:19:05,STABLE BEAMS,6500,58967.550,57532.014,13.7,PXL
257490:4420,64:64,09/25/15 19:19:28,STABLE BEAMS,6500,59075.643,57624.949,13.8,PXL
257490:4420,65:65,09/25/15 19:19:52,STABLE BEAMS,6500,58654.165,57219.455,13.7,PXL
257490:4420,66:66,09/25/15 19:20:15,STABLE BEAMS,6500,59312.166,57933.696,13.8,PXL
257490:4420,71:71,09/25/15 19:22:12,STABLE BEAMS,6500,58812.141,57404.718,13.7,PXL
257490:4420,72:72,09/25/15 19:22:35,STABLE BEAMS,6500,58529.238,57111.697,13.6,PXL
257490:4420,75:75,09/25/15 19:23:45,STABLE BEAMS,6500,59210.422,57721.377,13.8,PXL
257490:4420,76:76,09/25/15 19:24:08,STABLE BEAMS,6500,59076.767,57659.331,13.8,PXL
257490:4420,77:77,09/25/15 19:24:32,STABLE BEAMS,6500,58989.081,57546.145,13.8,PXL
257490:4420,78:78,09/25/15 19:24:55,STABLE BEAMS,6500,58800.076,57372.840,13.7,PXL
257490:4420,80:80,09/25/15 19:25:41,STABLE BEAMS,6500,58880.831,57377.804,13.7,PXL
257490:4420,82:82,09/25/15 19:26:28,STABLE BEAMS,6500,58861.148,57425.272,13.7,PXL
257490:4420,83:83,09/25/15 19:26:51,STABLE BEAMS,6500,58745.719,57315.649,13.7,PXL
257490:4420,84:84,09/25/15 19:27:15,STABLE BEAMS,6500,58472.953,57042.228,13.6,PXL
257490:4420,85:85,09/25/15 19:27:38,STABLE BEAMS,6500,58948.801,57520.418,13.7,PXL
257490:4420,86:86,09/25/15 19:28:01,STABLE BEAMS,6500,58779.975,57355.102,13.7,PXL
257490:4420,87:87,09/25/15 19:28:25,STABLE BEAMS,6500,58868.745,57377.116,13.7,PXL
257490:4420,89:89,09/25/15 19:29:11,STABLE BEAMS,6500,58910.482,57512.264,13.7,PXL
257490:4420,91:91,09/25/15 19:29:58,STABLE BEAMS,6500,58769.046,57378.143,13.7,PXL
257490:4420,92:92,09/25/15 19:30:21,STABLE BEAMS,6500,58981.000,57531.464,13.8,PXL
257490:4420,93:93,09/25/15 19:30:45,STABLE BEAMS,6500,56815.857,55451.364,13.2,PXL
257490:4420,94:94,09/25/15 19:31:08,STABLE BEAMS,6500,56341.721,55008.990,13.1,PXL
257490:4420,95:95,09/25/15 19:31:31,STABLE BEAMS,6500,57487.994,55995.807,13.4,PXL
257490:4420,97:97,09/25/15 19:32:18,STABLE BEAMS,6500,58685.423,57283.802,13.7,PXL
257490:4420,98:98,09/25/15 19:32:41,STABLE BEAMS,6500,58767.348,57304.571,13.7,PXL
257490:4420,99:99,09/25/15 19:33:04,STABLE BEAMS,6500,59022.188,57642.664,13.8,PXL
257490:4420,101:101,09/25/15 19:33:51,STABLE BEAMS,6500,58964.368,57533.881,13.7,PXL
257490:4420,103:103,09/25/15 19:34:38,STABLE BEAMS,6500,58827.061,57378.379,13.7,PXL
257490:4420,104:104,09/25/15 19:35:01,STABLE BEAMS,6500,58714.924,57322.038,13.7,PXL
257490:4420,106:106,09/25/15 19:35:48,STABLE BEAMS,6500,58543.002,57122.005,13.6,PXL
257490:4420,107:107,09/25/15 19:36:11,STABLE BEAMS,6500,58985.397,57490.580,13.8,PXL
257490:4420,108:108,09/25/15 19:36:34,STABLE BEAMS,6500,58583.418,57155.322,13.7,PXL
257490:4420,109:109,09/25/15 19:36:57,STABLE BEAMS,6500,58764.036,57353.556,13.7,PXL
257490:4420,114:114,09/25/15 19:38:54,STABLE BEAMS,6500,58575.468,57173.611,13.7,PXL
257490:4420,116:116,09/25/15 19:39:41,STABLE BEAMS,6500,58796.065,57371.163,13.7,PXL
257490:4420,117:117,09/25/15 19:40:04,STABLE BEAMS,6500,58447.679,57035.068,13.6,PXL
257490:4420,118:118,09/25/15 19:40:27,STABLE BEAMS,6500,58450.606,57050.363,13.6,PXL
257490:4420,119:119,09/25/15 19:40:51,STABLE BEAMS,6500,58666.035,57268.411,13.7,PXL
257490:4420,120:120,09/25/15 19:41:14,STABLE BEAMS,6500,58519.968,57109.736,13.6,PXL
257490:4420,121:121,09/25/15 19:41:37,STABLE BEAMS,6500,58283.916,56769.286,13.6,PXL
257490:4420,122:122,09/25/15 19:42:01,STABLE BEAMS,6500,58705.178,57268.300,13.7,PXL
257490:4420,123:123,09/25/15 19:42:24,STABLE BEAMS,6500,58489.572,57011.958,13.6,PXL
257490:4420,124:124,09/25/15 19:42:47,STABLE BEAMS,6500,58438.488,56958.665,13.6,PXL
257490:4420,127:127,09/25/15 19:43:57,STABLE BEAMS,6500,58652.408,57176.171,13.7,PXL
257490:4420,128:128,09/25/15 19:44:20,STABLE BEAMS,6500,58294.596,56886.957,13.6,PXL
257490:4420,129:129,09/25/15 19:44:44,STABLE BEAMS,6500,58332.243,56896.834,13.6,PXL
257490:4420,130:130,09/25/15 19:45:07,STABLE BEAMS,6500,58448.744,57043.771,13.6,PXL
257490:4420,131:131,09/25/15 19:45:30,STABLE BEAMS,6500,58507.987,57025.041,13.6,PXL
257490:4420,133:133,09/25/15 19:46:17,STABLE BEAMS,6500,58225.521,56812.514,13.6,PXL
257490:4420,134:134,09/25/15 19:46:40,STABLE BEAMS,6500,58622.058,57210.885,13.7,PXL
257490:4420,135:135,09/25/15 19:47:04,STABLE BEAMS,6500,58819.954,57409.415,13.7,PXL
257490:4420,136:136,09/25/15 19:47:27,STABLE BEAMS,6500,58630.367,57173.461,13.7,PXL
257490:4420,140:140,09/25/15 19:49:00,STABLE BEAMS,6500,57940.926,56588.101,13.5,PXL
257490:4420,141:141,09/25/15 19:49:23,STABLE BEAMS,6500,58380.061,56851.675,13.6,PXL
257490:4420,142:142,09/25/15 19:49:47,STABLE BEAMS,6500,58293.852,56928.383,13.6,PXL
257490:4420,143:143,09/25/15 19:50:10,STABLE BEAMS,6500,58038.378,56556.964,13.5,PXL
257490:4420,144:144,09/25/15 19:50:33,STABLE BEAMS,6500,58322.150,56901.979,13.6,PXL
257490:4420,145:145,09/25/15 19:50:57,STABLE BEAMS,6500,57931.166,56509.505,13.5,PXL
257490:4420,146:146,09/25/15 19:51:20,STABLE BEAMS,6500,58157.426,56716.763,13.6,PXL
257490:4420,147:147,09/25/15 19:51:43,STABLE BEAMS,6500,58129.846,56683.372,13.6,PXL
257490:4420,148:148,09/25/15 19:52:07,STABLE BEAMS,6500,58168.878,56758.579,13.6,PXL
257490:4420,150:150,09/25/15 19:52:53,STABLE BEAMS,6500,58267.421,56848.071,13.6,PXL
257490:4420,151:151,09/25/15 19:53:17,STABLE BEAMS,6500,58391.179,56993.188,13.6,PXL
257490:4420,153:153,09/25/15 19:54:03,STABLE BEAMS,6500,58425.619,57008.747,13.6,PXL
257490:4420,154:154,09/25/15 19:54:26,STABLE BEAMS,6500,58034.648,56666.137,13.5,PXL
257490:4420,155:155,09/25/15 19:54:50,STABLE BEAMS,6500,58128.559,56739.371,13.6,PXL
257490:4420,157:157,09/25/15 19:55:36,STABLE BEAMS,6500,58278.872,56776.896,13.6,PXL
257490:4420,158:158,09/25/15 19:56:00,STABLE BEAMS,6500,58023.013,56537.966,13.5,PXL
257490:4420,160:160,09/25/15 19:56:46,STABLE BEAMS,6500,58666.401,57256.798,13.7,PXL
257490:4420,161:161,09/25/15 19:57:10,STABLE BEAMS,6500,57937.209,56508.527,13.5,PXL
257490:4420,162:162,09/25/15 19:57:33,STABLE BEAMS,6500,58063.861,56698.733,13.5,PXL
257490:4420,163:163,09/25/15 19:57:56,STABLE BEAMS,6500,58225.365,56835.122,13.6,PXL
257490:4420,164:164,09/25/15 19:58:20,STABLE BEAMS,6500,58402.833,54968.429,13.6,PXL
257490:4420,165:165,09/25/15 19:58:43,STABLE BEAMS,6500,58216.650,56801.143,13.6,PXL
257490:4420,166:166,09/25/15 19:59:06,STABLE BEAMS,6500,58304.219,56920.891,13.6,PXL
257490:4420,168:168,09/25/15 19:59:53,STABLE BEAMS,6500,57877.084,56491.282,13.5,PXL
257490:4420,172:172,09/25/15 20:01:26,STABLE BEAMS,6500,57766.410,56359.997,13.5,PXL
257490:4420,173:173,09/25/15 20:01:49,STABLE BEAMS,6500,58122.412,56749.664,13.6,PXL
257490:4420,176:176,09/25/15 20:02:59,STABLE BEAMS,6500,58000.907,56581.851,13.5,PXL
257490:4420,178:178,09/25/15 20:03:46,STABLE BEAMS,6500,57785.361,56292.428,13.5,PXL
257490:4420,179:179,09/25/15 20:04:09,STABLE BEAMS,6500,57896.642,56392.412,13.5,PXL
257490:4420,180:180,09/25/15 20:04:33,STABLE BEAMS,6500,57721.492,56267.082,13.5,PXL
257490:4420,181:181,09/25/15 20:04:56,STABLE BEAMS,6500,57551.085,56098.500,13.4,PXL
257490:4420,182:182,09/25/15 20:05:19,STABLE BEAMS,6500,58024.340,56494.552,13.5,PXL
257490:4420,184:184,09/25/15 20:06:06,STABLE BEAMS,6500,58422.712,56946.460,13.6,PXL
257490:4420,185:185,09/25/15 20:06:29,STABLE BEAMS,6500,57925.176,56549.199,13.5,PXL
257490:4420,186:186,09/25/15 20:06:52,STABLE BEAMS,6500,57900.045,56468.176,13.5,PXL
257490:4420,187:187,09/25/15 20:07:16,STABLE BEAMS,6500,57930.219,56532.179,13.5,PXL
257490:4420,188:188,09/25/15 20:07:39,STABLE BEAMS,6500,57640.241,56254.864,13.4,PXL
257490:4420,189:189,09/25/15 20:08:02,STABLE BEAMS,6500,58136.026,56760.820,13.6,PXL
257490:4420,190:190,09/25/15 20:08:26,STABLE BEAMS,6500,58130.003,56700.275,13.6,PXL
257490:4420,192:192,09/25/15 20:09:12,STABLE BEAMS,6500,57828.175,56466.895,13.5,PXL
257490:4420,193:193,09/25/15 20:09:36,STABLE BEAMS,6500,57577.320,56177.207,13.4,PXL
257490:4420,194:194,09/25/15 20:09:59,STABLE BEAMS,6500,58131.251,56787.448,13.6,PXL
257490:4420,195:195,09/25/15 20:10:22,STABLE BEAMS,6500,57945.799,56537.883,13.5,PXL
257490:4420,196:196,09/25/15 20:10:46,STABLE BEAMS,6500,57881.807,56418.186,13.5,PXL
257490:4420,198:198,09/25/15 20:11:32,STABLE BEAMS,6500,57688.065,56307.693,13.4,PXL
257490:4420,199:199,09/25/15 20:11:55,STABLE BEAMS,6500,57707.833,56293.762,13.5,PXL
257490:4420,201:201,09/25/15 20:12:42,STABLE BEAMS,6500,58080.519,56674.529,13.5,PXL
257490:4420,202:202,09/25/15 20:13:05,STABLE BEAMS,6500,57953.697,56541.481,13.5,PXL
257490:4420,203:203,09/25/15 20:13:29,STABLE BEAMS,6500,57582.611,56133.418,13.4,PXL
257490:4420,205:205,09/25/15 20:14:15,STABLE BEAMS,6500,57671.296,56207.771,13.4,PXL
257490:4420,207:207,09/25/15 20:15:02,STABLE BEAMS,6500,57711.497,56259.147,13.5,PXL
257490:4420,208:208,09/25/15 20:15:25,STABLE BEAMS,6500,57598.511,56133.836,13.4,PXL
257490:4420,209:209,09/25/15 20:15:49,STABLE BEAMS,6500,57844.558,56295.884,13.5,PXL
257490:4420,210:210,09/25/15 20:16:12,STABLE BEAMS,6500,58037.385,56617.263,13.5,PXL
257490:4420,211:211,09/25/15 20:16:35,STABLE BEAMS,6500,58032.662,56502.958,13.5,PXL
257490:4420,212:212,09/25/15 20:16:58,STABLE BEAMS,6500,57732.140,56360.706,13.5,PXL
257490:4420,214:214,09/25/15 20:17:45,STABLE BEAMS,6500,57529.110,56177.434,13.4,PXL
257490:4420,215:215,09/25/15 20:18:09,STABLE BEAMS,6500,57571.297,56183.056,13.4,PXL
257490:4420,216:216,09/25/15 20:18:32,STABLE BEAMS,6500,57373.753,55980.303,13.4,PXL
257490:4420,217:217,09/25/15 20:18:55,STABLE BEAMS,6500,57849.908,56488.656,13.5,PXL
257490:4420,219:219,09/25/15 20:19:42,STABLE BEAMS,6500,57856.977,56442.942,13.5,PXL
257490:4420,221:221,09/25/15 20:20:28,STABLE BEAMS,6500,57637.608,56275.869,13.4,PXL
257490:4420,223:223,09/25/15 20:21:15,STABLE BEAMS,6500,57737.458,56348.872,13.5,PXL
257490:4420,226:226,09/25/15 20:22:25,STABLE BEAMS,6500,57428.594,56013.407,13.4,PXL
257490:4420,227:227,09/25/15 20:22:48,STABLE BEAMS,6500,57593.004,56218.441,13.4,PXL
257490:4420,228:228,09/25/15 20:23:12,STABLE BEAMS,6500,57672.622,56277.195,13.4,PXL
257490:4420,229:229,09/25/15 20:23:35,STABLE BEAMS,6500,57636.197,56277.996,13.4,PXL
257490:4420,230:230,09/25/15 20:23:58,STABLE BEAMS,6500,57958.596,56607.110,13.5,PXL
257490:4420,231:231,09/25/15 20:24:21,STABLE BEAMS,6500,57472.956,56089.917,13.4,PXL
257490:4420,232:232,09/25/15 20:24:45,STABLE BEAMS,6500,57463.138,56102.552,13.4,PXL
257490:4420,234:234,09/25/15 20:25:31,STABLE BEAMS,6500,57630.115,56225.473,13.4,PXL
257490:4420,235:235,09/25/15 20:25:55,STABLE BEAMS,6500,57818.964,56456.801,13.5,PXL
257490:4420,236:236,09/25/15 20:26:18,STABLE BEAMS,6500,57388.099,56007.990,13.4,PXL
257490:4420,238:238,09/25/15 20:27:05,STABLE BEAMS,6500,57826.496,56432.986,13.5,PXL
257490:4420,242:242,09/25/15 20:28:38,STABLE BEAMS,6500,57065.765,55643.672,13.3,PXL
257490:4420,243:243,09/25/15 20:29:01,STABLE BEAMS,6500,57379.450,56021.659,13.4,PXL
257490:4420,244:244,09/25/15 20:29:25,STABLE BEAMS,6500,57158.670,55744.368,13.3,PXL
257490:4420,246:246,09/25/15 20:30:11,STABLE BEAMS,6500,57135.748,55760.397,13.3,PXL
257490:4420,247:247,09/25/15 20:30:34,STABLE BEAMS,6500,57488.647,56090.348,13.4,PXL
257490:4420,248:248,09/25/15 20:30:58,STABLE BEAMS,6500,57825.523,56471.401,13.5,PXL
257490:4420,249:249,09/25/15 20:31:21,STABLE BEAMS,6500,57585.766,56137.235,13.4,PXL
257490:4420,252:252,09/25/15 20:32:31,STABLE BEAMS,6500,57591.691,56156.889,13.4,PXL
257490:4420,253:253,09/25/15 20:32:54,STABLE BEAMS,6500,57339.020,55932.179,13.4,PXL
257490:4420,254:254,09/25/15 20:33:18,STABLE BEAMS,6500,57019.756,55639.690,13.3,PXL
257490:4420,256:256,09/25/15 20:34:04,STABLE BEAMS,6500,57289.536,55910.088,13.4,PXL
257490:4420,257:257,09/25/15 20:34:28,STABLE BEAMS,6500,57309.460,55905.248,13.4,PXL
257490:4420,259:259,09/25/15 20:35:14,STABLE BEAMS,6500,57375.798,56006.836,13.4,PXL
257490:4420,262:262,09/25/15 20:36:24,STABLE BEAMS,6500,57051.067,55650.387,13.3,PXL
257490:4420,264:264,09/25/15 20:37:11,STABLE BEAMS,6500,56950.878,55592.288,13.3,PXL
257490:4420,265:265,09/25/15 20:37:34,STABLE BEAMS,6500,57115.993,55783.750,13.3,PXL
257490:4420,266:266,09/25/15 20:37:57,STABLE BEAMS,6500,57674.569,56296.800,13.4,PXL
257490:4420,269:269,09/25/15 20:39:07,STABLE BEAMS,6500,57404.019,55969.749,13.4,PXL
257490:4420,271:271,09/25/15 20:39:54,STABLE BEAMS,6500,57460.139,56097.063,13.4,PXL
257490:4420,272:272,09/25/15 20:40:17,STABLE BEAMS,6500,57433.513,56068.037,13.4,PXL
257490:4420,273:273,09/25/15 20:40:41,STABLE BEAMS,6500,57109.977,55649.565,13.3,PXL
257490:4420,275:275,09/25/15 20:41:27,STABLE BEAMS,6500,57090.654,55576.996,13.3,PXL
257490:4420,276:276,09/25/15 20:41:50,STABLE BEAMS,6500,56814.505,55361.766,13.2,PXL
257490:4420,277:277,09/25/15 20:42:14,STABLE BEAMS,6500,56623.638,55215.931,13.2,PXL
257490:4420,279:279,09/25/15 20:43:00,STABLE BEAMS,6500,57068.143,55781.006,13.3,PXL
257490:4420,280:280,09/25/15 20:43:24,STABLE BEAMS,6500,57017.784,55604.426,13.3,PXL
257490:4420,283:283,09/25/15 20:44:34,STABLE BEAMS,6500,57020.482,55645.183,13.3,PXL
257490:4420,288:288,09/25/15 20:46:30,STABLE BEAMS,6500,57033.200,55673.572,13.3,PXL
257490:4420,289:289,09/25/15 20:46:53,STABLE BEAMS,6500,56692.229,55370.600,13.2,PXL
257490:4420,290:290,09/25/15 20:47:17,STABLE BEAMS,6500,56631.007,55259.905,13.2,PXL
257490:4420,291:291,09/25/15 20:47:40,STABLE BEAMS,6500,57231.038,55897.755,13.3,PXL
257490:4420,292:292,09/25/15 20:48:03,STABLE BEAMS,6500,57026.204,53622.189,13.3,PXL
257490:4420,293:293,09/25/15 20:48:27,STABLE BEAMS,6500,56994.515,55621.278,13.3,PXL
257490:4420,294:294,09/25/15 20:48:50,STABLE BEAMS,6500,57137.453,55733.789,13.3,PXL
257490:4420,295:295,09/25/15 20:49:13,STABLE BEAMS,6500,56756.320,55397.459,13.2,PXL
257490:4420,296:296,09/25/15 20:49:37,STABLE BEAMS,6500,56905.117,55508.498,13.3,PXL
257490:4420,297:297,09/25/15 20:50:00,STABLE BEAMS,6500,57100.485,55734.290,13.3,PXL
257490:4420,298:298,09/25/15 20:50:23,STABLE BEAMS,6500,57087.218,55765.963,13.3,PXL
257490:4420,299:299,09/25/15 20:50:47,STABLE BEAMS,6500,56909.252,55491.887,13.3,PXL
257490:4420,300:300,09/25/15 20:51:10,STABLE BEAMS,6500,57097.827,55761.843,13.3,PXL
257490:4420,301:301,09/25/15 20:51:33,STABLE BEAMS,6500,56759.873,55456.643,13.2,PXL
257490:4420,302:302,09/25/15 20:51:57,STABLE BEAMS,6500,56686.141,55329.151,13.2,PXL
257490:4420,305:305,09/25/15 20:53:06,STABLE BEAMS,6500,56573.246,55200.610,13.2,PXL
257490:4420,306:306,09/25/15 20:53:30,STABLE BEAMS,6500,56935.997,55535.816,13.3,PXL
257490:4420,307:307,09/25/15 20:53:53,STABLE BEAMS,6500,56919.463,55562.270,13.3,PXL
257490:4420,308:308,09/25/15 20:54:16,STABLE BEAMS,6500,56826.995,55472.388,13.2,PXL
257490:4420,309:309,09/25/15 20:54:40,STABLE BEAMS,6500,56988.956,55648.111,13.3,PXL
257490:4420,310:310,09/25/15 20:55:03,STABLE BEAMS,6500,57015.811,55661.031,13.3,PXL
257490:4420,312:312,09/25/15 20:55:50,STABLE BEAMS,6500,56844.189,55508.690,13.3,PXL
257490:4420,313:313,09/25/15 20:56:13,STABLE BEAMS,6500,56650.519,55274.708,13.2,PXL
257490:4420,314:314,09/25/15 20:56:36,STABLE BEAMS,6500,56730.451,55326.109,13.2,PXL
257490:4420,316:316,09/25/15 20:57:23,STABLE BEAMS,6500,56876.237,55436.389,13.3,PXL
257490:4420,318:318,09/25/15 20:58:10,STABLE BEAMS,6500,56611.278,55294.397,13.2,PXL
257490:4420,319:319,09/25/15 20:58:33,STABLE BEAMS,6500,56228.800,54896.685,13.1,PXL
257490:4420,320:320,09/25/15 20:58:56,STABLE BEAMS,6500,56714.799,55333.429,13.2,PXL
257490:4420,321:321,09/25/15 20:59:19,STABLE BEAMS,6500,56763.101,55386.324,13.2,PXL
257490:4420,323:323,09/25/15 21:00:06,STABLE BEAMS,6500,56493.308,55098.272,13.2,PXL
257490:4420,324:324,09/25/15 21:00:29,STABLE BEAMS,6500,56282.543,54944.935,13.1,PXL
257490:4420,326:326,09/25/15 21:01:16,STABLE BEAMS,6500,56777.838,55396.393,13.2,PXL
257490:4420,327:327,09/25/15 21:01:39,STABLE BEAMS,6500,56663.623,55349.583,13.2,PXL
257490:4420,328:328,09/25/15 21:02:03,STABLE BEAMS,6500,56433.248,55022.633,13.2,PXL
257490:4420,330:330,09/25/15 21:02:49,STABLE BEAMS,6500,56498.756,55152.901,13.2,PXL
257490:4420,331:331,09/25/15 21:03:13,STABLE BEAMS,6500,56454.191,55038.852,13.2,PXL
257490:4420,334:334,09/25/15 21:04:23,STABLE BEAMS,6500,56905.980,55587.104,13.3,PXL
257490:4420,335:335,09/25/15 21:04:46,STABLE BEAMS,6500,56741.595,55247.013,13.2,PXL
257490:4420,339:339,09/25/15 21:06:19,STABLE BEAMS,6500,56437.716,55055.147,13.2,PXL
257490:4420,340:340,09/25/15 21:06:42,STABLE BEAMS,6500,56558.953,55210.767,13.2,PXL
257490:4420,341:341,09/25/15 21:07:06,STABLE BEAMS,6500,56490.270,55064.354,13.2,PXL
257490:4420,343:343,09/25/15 21:07:52,STABLE BEAMS,6500,56741.818,55407.518,13.2,PXL
257490:4420,345:345,09/25/15 21:08:39,STABLE BEAMS,6500,56498.978,55147.585,13.2,PXL
257490:4420,350:350,09/25/15 21:10:35,STABLE BEAMS,6500,56122.927,54785.669,13.1,PXL
257490:4420,353:353,09/25/15 21:11:45,STABLE BEAMS,6500,56512.213,55195.960,13.2,PXL
257490:4420,354:354,09/25/15 21:12:09,STABLE BEAMS,6500,56373.011,55055.480,13.1,PXL
257490:4420,355:355,09/25/15 21:12:32,STABLE BEAMS,6500,56411.181,55083.951,13.2,PXL
257490:4420,356:356,09/25/15 21:12:55,STABLE BEAMS,6500,56820.195,55463.652,13.2,PXL
257490:4420,359:359,09/25/15 21:14:05,STABLE BEAMS,6500,56550.016,55194.218,13.2,PXL
257490:4420,364:364,09/25/15 21:16:02,STABLE BEAMS,6500,56204.865,54914.241,13.1,PXL
257490:4420,365:365,09/25/15 21:16:25,STABLE BEAMS,6500,56184.699,54803.267,13.1,PXL
257490:4420,366:366,09/25/15 21:16:48,STABLE BEAMS,6500,55954.349,54616.025,13.0,PXL
257490:4420,367:367,09/25/15 21:17:12,STABLE BEAMS,6500,56523.436,55208.134,13.2,PXL
257490:4420,368:368,09/25/15 21:17:35,STABLE BEAMS,6500,56237.142,54785.184,13.1,PXL
257490:4420,369:369,09/25/15 21:17:58,STABLE BEAMS,6500,56390.558,54993.694,13.1,PXL
257490:4420,370:370,09/25/15 21:18:22,STABLE BEAMS,6500,56569.960,55254.262,13.2,PXL
257490:4420,372:372,09/25/15 21:19:08,STABLE BEAMS,6500,56476.421,55087.564,13.2,PXL
257490:4420,373:373,09/25/15 21:19:32,STABLE BEAMS,6500,56223.874,54902.740,13.1,PXL
257490:4420,374:374,09/25/15 21:19:55,STABLE BEAMS,6500,56090.676,54775.277,13.1,PXL
257490:4420,375:375,09/25/15 21:20:18,STABLE BEAMS,6500,56136.920,54844.758,13.1,PXL
257490:4420,376:376,09/25/15 21:20:42,STABLE BEAMS,6500,56156.112,54861.613,13.1,PXL
257490:4420,377:377,09/25/15 21:21:05,STABLE BEAMS,6500,56470.947,55053.481,13.2,PXL
257490:4420,379:379,09/25/15 21:21:51,STABLE BEAMS,6500,55961.234,54547.743,13.0,PXL
257490:4420,380:380,09/25/15 21:22:15,STABLE BEAMS,6500,56319.621,54893.591,13.1,PXL
257490:4420,382:382,09/25/15 21:23:01,STABLE BEAMS,6500,56239.095,54884.636,13.1,PXL
257490:4420,383:383,09/25/15 21:23:25,STABLE BEAMS,6500,56337.808,54938.311,13.1,PXL
257490:4420,384:384,09/25/15 21:23:48,STABLE BEAMS,6500,55942.153,54466.886,13.0,PXL
257490:4420,385:385,09/25/15 21:24:11,STABLE BEAMS,6500,55856.479,54528.934,13.0,PXL
257490:4420,387:387,09/25/15 21:24:58,STABLE BEAMS,6500,56604.132,55250.900,13.2,PXL
257490:4420,388:388,09/25/15 21:25:21,STABLE BEAMS,6500,56173.378,54838.459,13.1,PXL
257490:4420,390:390,09/25/15 21:26:08,STABLE BEAMS,6500,56124.469,54794.585,13.1,PXL
257490:4420,391:391,09/25/15 21:26:31,STABLE BEAMS,6500,56077.742,54800.633,13.1,PXL
257490:4420,392:392,09/25/15 21:26:54,STABLE BEAMS,6500,56053.571,54724.123,13.1,PXL
257490:4420,393:393,09/25/15 21:27:18,STABLE BEAMS,6500,56026.932,54698.941,13.1,PXL
257490:4420,394:394,09/25/15 21:27:41,STABLE BEAMS,6500,56046.177,54717.228,13.1,PXL
257490:4420,395:395,09/25/15 21:28:04,STABLE BEAMS,6500,56368.099,55039.444,13.1,PXL
257490:4420,397:397,09/25/15 21:28:51,STABLE BEAMS,6500,55818.989,54486.130,13.0,PXL
257490:4420,398:398,09/25/15 21:29:14,STABLE BEAMS,6500,55603.716,54302.215,13.0,PXL
257490:4420,399:399,09/25/15 21:29:38,STABLE BEAMS,6500,56118.283,54794.982,13.1,PXL
257490:4420,400:400,09/25/15 21:30:01,STABLE BEAMS,6500,56539.068,55177.015,13.2,PXL
257490:4420,401:401,09/25/15 21:30:24,STABLE BEAMS,6500,56122.333,54812.806,13.1,PXL
257490:4420,402:402,09/25/15 21:30:48,STABLE BEAMS,6500,55535.772,54199.846,12.9,PXL
257490:4420,403:403,09/25/15 21:31:11,STABLE BEAMS,6500,55883.609,54567.134,13.0,PXL
257490:4420,404:404,09/25/15 21:31:34,STABLE BEAMS,6500,55990.938,54629.412,13.1,PXL
257490:4420,405:405,09/25/15 21:31:58,STABLE BEAMS,6500,56014.050,54709.442,13.1,PXL
257490:4420,406:406,09/25/15 21:32:21,STABLE BEAMS,6500,55989.069,54694.035,13.1,PXL
257490:4420,407:407,09/25/15 21:32:44,STABLE BEAMS,6500,56099.417,54803.650,13.1,PXL
257490:4420,410:410,09/25/15 21:33:54,STABLE BEAMS,6500,55859.118,54479.159,13.0,PXL
257490:4420,411:411,09/25/15 21:34:17,STABLE BEAMS,6500,56264.454,54940.414,13.1,PXL
257490:4420,412:412,09/25/15 21:34:41,STABLE BEAMS,6500,55724.320,54400.841,13.0,PXL
257490:4420,413:413,09/25/15 21:35:04,STABLE BEAMS,6500,56007.158,54681.788,13.1,PXL
257490:4420,414:414,09/25/15 21:35:27,STABLE BEAMS,6500,56021.693,54685.206,13.1,PXL
257490:4420,415:415,09/25/15 21:35:51,STABLE BEAMS,6500,55763.868,54419.252,13.0,PXL
257490:4420,416:416,09/25/15 21:36:14,STABLE BEAMS,6500,55653.181,54350.542,13.0,PXL
257490:4420,417:417,09/25/15 21:36:37,STABLE BEAMS,6500,55817.617,54403.600,13.0,PXL
257490:4420,419:419,09/25/15 21:37:24,STABLE BEAMS,6500,55710.569,54298.858,13.0,PXL
257490:4420,420:420,09/25/15 21:37:47,STABLE BEAMS,6500,55993.100,54576.381,13.1,PXL
257490:4420,421:421,09/25/15 21:38:10,STABLE BEAMS,6500,56008.660,54636.101,13.1,PXL
257490:4420,422:422,09/25/15 21:38:34,STABLE BEAMS,6500,55715.618,54353.732,13.0,PXL
257490:4420,423:423,09/25/15 21:38:57,STABLE BEAMS,6500,56061.071,54690.405,13.1,PXL
257490:4420,424:424,09/25/15 21:39:20,STABLE BEAMS,6500,55655.389,54352.252,13.0,PXL
257490:4420,425:425,09/25/15 21:39:44,STABLE BEAMS,6500,56062.142,54672.724,13.1,PXL
257490:4420,426:426,09/25/15 21:40:07,STABLE BEAMS,6500,55983.465,54571.782,13.1,PXL
257490:4420,427:427,09/25/15 21:40:30,STABLE BEAMS,6500,55836.973,54492.948,13.0,PXL
257490:4420,428:428,09/25/15 21:40:54,STABLE BEAMS,6500,55431.271,54113.894,12.9,PXL
257490:4420,430:430,09/25/15 21:41:40,STABLE BEAMS,6500,55459.661,54147.630,12.9,PXL
257490:4420,433:433,09/25/15 21:42:50,STABLE BEAMS,6500,55718.774,54423.600,13.0,PXL
257490:4420,434:434,09/25/15 21:43:14,STABLE BEAMS,6500,55782.720,54472.171,13.0,PXL
257490:4420,435:435,09/25/15 21:43:37,STABLE BEAMS,6500,55848.019,54525.821,13.0,PXL
257490:4420,437:437,09/25/15 21:44:24,STABLE BEAMS,6500,55406.225,54116.798,12.9,PXL
257490:4420,438:438,09/25/15 21:44:47,STABLE BEAMS,6500,55591.461,54287.717,13.0,PXL
257490:4420,441:441,09/25/15 21:45:57,STABLE BEAMS,6500,55674.908,54378.043,13.0,PXL
257490:4420,442:442,09/25/15 21:46:20,STABLE BEAMS,6500,55484.080,54184.996,12.9,PXL
257490:4420,445:445,09/25/15 21:47:30,STABLE BEAMS,6500,55291.221,53989.743,12.9,PXL
257490:4420,447:447,09/25/15 21:48:17,STABLE BEAMS,6500,55574.706,54238.206,13.0,PXL
257490:4420,448:448,09/25/15 21:48:40,STABLE BEAMS,6500,55755.218,54405.830,13.0,PXL
257490:4420,449:449,09/25/15 21:49:03,STABLE BEAMS,6500,55392.527,54089.192,12.9,PXL
257490:4420,450:450,09/25/15 21:49:27,STABLE BEAMS,6500,55865.866,54517.405,13.0,PXL
257490:4420,451:451,09/25/15 21:49:50,STABLE BEAMS,6500,55685.601,54352.044,13.0,PXL
257490:4420,452:452,09/25/15 21:50:13,STABLE BEAMS,6500,55486.092,54079.076,12.9,PXL
257490:4420,453:453,09/25/15 21:50:36,STABLE BEAMS,6500,55273.602,53980.292,12.9,PXL
257490:4420,454:454,09/25/15 21:51:00,STABLE BEAMS,6500,55495.120,54155.391,12.9,PXL
257490:4420,455:455,09/25/15 21:51:23,STABLE BEAMS,6500,55544.578,54275.301,12.9,PXL
257490:4420,456:456,09/25/15 21:51:46,STABLE BEAMS,6500,55577.358,54246.154,13.0,PXL
257490:4420,457:457,09/25/15 21:52:10,STABLE BEAMS,6500,55410.739,54108.454,12.9,PXL
257490:4420,458:458,09/25/15 21:52:33,STABLE BEAMS,6500,55590.495,54263.030,13.0,PXL
257490:4420,459:459,09/25/15 21:52:56,STABLE BEAMS,6500,55625.365,54301.394,13.0,PXL
257490:4420,460:460,09/25/15 21:53:20,STABLE BEAMS,6500,55367.533,54062.122,12.9,PXL
257490:4420,461:461,09/25/15 21:53:43,STABLE BEAMS,6500,55280.128,53913.751,12.9,PXL
257490:4420,462:462,09/25/15 21:54:06,STABLE BEAMS,6500,55783.445,54482.409,13.0,PXL
257490:4420,464:464,09/25/15 21:54:53,STABLE BEAMS,6500,55331.128,54047.617,12.9,PXL
257490:4420,465:465,09/25/15 21:55:16,STABLE BEAMS,6500,55446.348,54119.699,12.9,PXL
257490:4420,466:466,09/25/15 21:55:40,STABLE BEAMS,6500,55432.591,54081.582,12.9,PXL
257490:4420,467:467,09/25/15 21:56:03,STABLE BEAMS,6500,55494.754,54132.511,12.9,PXL
257490:4420,468:468,09/25/15 21:56:26,STABLE BEAMS,6500,55559.949,54254.923,13.0,PXL
257490:4420,469:469,09/25/15 21:56:50,STABLE BEAMS,6500,55731.525,54386.910,13.0,PXL
257490:4420,470:470,09/25/15 21:57:13,STABLE BEAMS,6500,55675.313,54340.278,13.0,PXL
257490:4420,471:471,09/25/15 21:57:36,STABLE BEAMS,6500,55038.340,53712.359,12.8,PXL
257490:4420,472:472,09/25/15 21:57:59,STABLE BEAMS,6500,55610.804,54210.313,13.0,PXL
257490:4420,473:473,09/25/15 21:58:23,STABLE BEAMS,6500,55077.392,53748.692,12.8,PXL
257490:4420,475:475,09/25/15 21:59:09,STABLE BEAMS,6500,55415.600,54020.510,12.9,PXL
257490:4420,476:476,09/25/15 21:59:33,STABLE BEAMS,6500,55040.078,53689.119,12.8,PXL
257490:4420,477:477,09/25/15 21:59:56,STABLE BEAMS,6500,53854.146,52477.625,12.6,PXL
257490:4420,479:479,09/25/15 22:00:43,STABLE BEAMS,6500,53419.923,52083.982,12.5,PXL
257490:4420,480:480,09/25/15 22:01:06,STABLE BEAMS,6500,53903.316,52625.530,12.6,PXL
257490:4420,481:481,09/25/15 22:01:29,STABLE BEAMS,6500,55331.284,54005.655,12.9,PXL
257490:4420,482:482,09/25/15 22:01:53,STABLE BEAMS,6500,55065.457,53700.719,12.8,PXL
257490:4420,485:485,09/25/15 22:03:02,STABLE BEAMS,6500,55557.466,54264.912,13.0,PXL
257490:4420,487:487,09/25/15 22:03:49,STABLE BEAMS,6500,55250.706,53960.755,12.9,PXL
257490:4420,489:489,09/25/15 22:04:36,STABLE BEAMS,6500,55323.478,54030.156,12.9,PXL
257490:4420,490:490,09/25/15 22:04:59,STABLE BEAMS,6500,55763.998,54443.072,13.0,PXL
257490:4420,491:491,09/25/15 22:05:22,STABLE BEAMS,6500,55320.173,54035.482,12.9,PXL
257490:4420,494:494,09/25/15 22:06:32,STABLE BEAMS,6500,55222.538,53962.907,12.9,PXL
257490:4420,495:495,09/25/15 22:06:56,STABLE BEAMS,6500,55058.990,53740.089,12.8,PXL
257490:4420,496:496,09/25/15 22:07:19,STABLE BEAMS,6500,55017.913,53762.426,12.8,PXL
257490:4420,497:497,09/25/15 22:07:42,STABLE BEAMS,6500,55256.174,53958.479,12.9,PXL
257490:4420,498:498,09/25/15 22:08:06,STABLE BEAMS,6500,55154.345,53911.854,12.9,PXL
257490:4420,500:500,09/25/15 22:08:52,STABLE BEAMS,6500,54982.533,53700.197,12.8,PXL
257490:4420,501:501,09/25/15 22:09:15,STABLE BEAMS,6500,55089.020,53804.888,12.8,PXL
257490:4420,503:503,09/25/15 22:10:02,STABLE BEAMS,6500,55047.401,53812.894,12.8,PXL
257490:4420,504:504,09/25/15 22:10:25,STABLE BEAMS,6500,55430.030,54086.889,12.9,PXL
257490:4420,505:505,09/25/15 22:10:49,STABLE BEAMS,6500,54835.081,53540.567,12.8,PXL
257490:4420,506:506,09/25/15 22:11:12,STABLE BEAMS,6500,55384.466,54102.052,12.9,PXL
257490:4420,509:509,09/25/15 22:12:22,STABLE BEAMS,6500,54719.923,53376.741,12.8,PXL
257490:4420,510:510,09/25/15 22:12:45,STABLE BEAMS,6500,11962.501,11730.911,2.8,PXL
257490:4420,511:511,09/25/15 22:13:08,STABLE BEAMS,6500,30096.028,29561.894,7.0,PXL
257490:4420,512:512,09/25/15 22:13:32,STABLE BEAMS,6500,50268.919,49205.227,11.7,PXL
257490:4420,513:513,09/25/15 22:13:55,STABLE BEAMS,6500,45425.102,44345.964,10.6,PXL
257490:4420,516:516,09/25/15 22:15:05,STABLE BEAMS,6500,54910.186,53542.260,12.8,PXL
257490:4420,517:517,09/25/15 22:15:28,STABLE BEAMS,6500,48528.837,47402.095,11.3,PXL
257490:4420,518:518,09/25/15 22:15:52,STABLE BEAMS,6500,7117.838,7006.692,1.7,PXL
257490:4420,519:519,09/25/15 22:16:15,STABLE BEAMS,6500,26614.664,26164.042,6.2,PXL
257490:4420,520:520,09/25/15 22:16:38,STABLE BEAMS,6500,50738.342,49622.284,11.8,PXL
257490:4420,521:521,09/25/15 22:17:02,STABLE BEAMS,6500,37727.605,36835.885,8.8,PXL
257490:4420,522:522,09/25/15 22:17:25,STABLE BEAMS,6500,11782.480,11577.415,2.7,PXL
257490:4420,523:523,09/25/15 22:17:48,STABLE BEAMS,6500,33607.895,33081.825,7.8,PXL
257490:4420,524:524,09/25/15 22:18:12,STABLE BEAMS,6500,55114.242,53787.922,12.8,PXL
257490:4420,525:525,09/25/15 22:18:35,STABLE BEAMS,6500,55067.978,53787.870,12.8,PXL
257490:4420,526:526,09/25/15 22:18:58,STABLE BEAMS,6500,54968.789,53679.135,12.8,PXL
257490:4420,527:527,09/25/15 22:19:21,STABLE BEAMS,6500,54880.182,53597.694,12.8,PXL
257490:4420,530:530,09/25/15 22:20:31,STABLE BEAMS,6500,54525.878,53250.876,12.7,PXL
257490:4420,531:531,09/25/15 22:20:55,STABLE BEAMS,6500,54825.230,53566.747,12.8,PXL
257490:4420,532:532,09/25/15 22:21:18,STABLE BEAMS,6500,54619.064,53342.546,12.7,PXL
257490:4420,534:534,09/25/15 22:22:05,STABLE BEAMS,6500,54865.575,53595.984,12.8,PXL
257490:4420,535:535,09/25/15 22:22:28,STABLE BEAMS,6500,54937.367,53632.835,12.8,PXL
257490:4420,537:537,09/25/15 22:23:15,STABLE BEAMS,6500,54819.168,53487.383,12.8,PXL
257490:4420,538:538,09/25/15 22:23:38,STABLE BEAMS,6500,54666.288,9349.073,12.7,PXL
257490:4420,540:540,09/25/15 22:24:25,STABLE BEAMS,6500,54749.208,53462.020,12.8,PXL
257490:4420,541:541,09/25/15 22:24:48,STABLE BEAMS,6500,54683.530,53363.802,12.7,PXL
257490:4420,542:542,09/25/15 22:25:11,STABLE BEAMS,6500,54407.845,53146.106,12.7,PXL
257490:4420,543:543,09/25/15 22:25:34,STABLE BEAMS,6500,54349.444,53081.772,12.7,PXL
257490:4420,544:544,09/25/15 22:25:58,STABLE BEAMS,6500,54689.008,53453.644,12.8,PXL
257490:4420,545:545,09/25/15 22:26:21,STABLE BEAMS,6500,54257.254,52946.852,12.6,PXL
257490:4420,546:546,09/25/15 22:26:44,STABLE BEAMS,6500,54414.642,53134.539,12.7,PXL
257490:4420,548:548,09/25/15 22:27:31,STABLE BEAMS,6500,54756.371,53435.232,12.8,PXL
257490:4420,549:549,09/25/15 22:27:54,STABLE BEAMS,6500,54897.806,53620.180,12.8,PXL
257490:4420,551:551,09/25/15 22:28:41,STABLE BEAMS,6500,54211.945,52955.851,12.6,PXL
257490:4420,552:552,09/25/15 22:29:04,STABLE BEAMS,6500,54188.872,52937.123,12.6,PXL
257490:4420,553:553,09/25/15 22:29:28,STABLE BEAMS,6500,54338.228,53088.319,12.7,PXL
257490:4420,554:554,09/25/15 22:29:51,STABLE BEAMS,6500,54490.824,53222.171,12.7,PXL
257490:4420,555:555,09/25/15 22:30:14,STABLE BEAMS,6500,54840.216,53569.668,12.8,PXL
257490:4420,556:556,09/25/15 22:30:37,STABLE BEAMS,6500,54507.773,53250.274,12.7,PXL
257490:4420,557:557,09/25/15 22:31:01,STABLE BEAMS,6500,54640.180,53402.169,12.7,PXL
257490:4420,559:559,09/25/15 22:31:47,STABLE BEAMS,6500,54676.253,53410.645,12.7,PXL
257490:4420,561:561,09/25/15 22:32:34,STABLE BEAMS,6500,54599.199,53287.687,12.7,PXL
257490:4420,562:562,09/25/15 22:32:57,STABLE BEAMS,6500,55255.128,53962.271,12.9,PXL
257490:4420,563:563,09/25/15 22:33:21,STABLE BEAMS,6500,54113.411,52838.215,12.6,PXL
257490:4420,566:566,09/25/15 22:34:31,STABLE BEAMS,6500,54355.869,53074.442,12.7,PXL
257490:4420,567:567,09/25/15 22:34:54,STABLE BEAMS,6500,54511.029,53151.950,12.7,PXL
257490:4420,568:568,09/25/15 22:35:17,STABLE BEAMS,6500,54613.364,53334.637,12.7,PXL
257490:4420,569:569,09/25/15 22:35:41,STABLE BEAMS,6500,54457.884,53162.026,12.7,PXL
257490:4420,570:570,09/25/15 22:36:04,STABLE BEAMS,6500,54359.214,53079.522,12.7,PXL
257490:4420,571:571,09/25/15 22:36:27,STABLE BEAMS,6500,54261.866,52987.007,12.7,PXL
257490:4420,572:572,09/25/15 22:36:51,STABLE BEAMS,6500,54385.739,53090.553,12.7,PXL
257490:4420,573:573,09/25/15 22:37:14,STABLE BEAMS,6500,54547.089,53278.469,12.7,PXL
257490:4420,574:574,09/25/15 22:37:37,STABLE BEAMS,6500,54394.842,53114.454,12.7,PXL
257490:4420,575:575,09/25/15 22:38:00,STABLE BEAMS,6500,54567.180,53281.982,12.7,PXL
257490:4420,576:576,09/25/15 22:38:24,STABLE BEAMS,6500,54557.224,53287.870,12.7,PXL
257490:4420,577:577,09/25/15 22:38:47,STABLE BEAMS,6500,54036.746,52733.715,12.6,PXL
257490:4420,578:578,09/25/15 22:39:10,STABLE BEAMS,6500,54511.434,53258.416,12.7,PXL
257490:4420,580:580,09/25/15 22:39:57,STABLE BEAMS,6500,54607.684,53352.892,12.7,PXL
257490:4420,582:582,09/25/15 22:40:44,STABLE BEAMS,6500,54449.019,53065.803,12.7,PXL
257490:4420,583:583,09/25/15 22:41:07,STABLE BEAMS,6500,54880.456,53621.709,12.8,PXL
257490:4420,584:584,09/25/15 22:41:30,STABLE BEAMS,6500,54213.565,52932.580,12.6,PXL
257490:4420,586:586,09/25/15 22:42:17,STABLE BEAMS,6500,54019.510,52649.422,12.6,PXL
257490:4420,587:587,09/25/15 22:42:40,STABLE BEAMS,6500,54074.063,52830.957,12.6,PXL
257490:4420,588:588,09/25/15 22:43:03,STABLE BEAMS,6500,54541.353,53228.057,12.7,PXL
257490:4420,589:589,09/25/15 22:43:27,STABLE BEAMS,6500,54389.685,53125.080,12.7,PXL
257490:4420,590:590,09/25/15 22:43:50,STABLE BEAMS,6500,54505.996,53207.570,12.7,PXL
257490:4420,591:591,09/25/15 22:44:13,STABLE BEAMS,6500,54414.782,53057.047,12.7,PXL
257490:4420,592:592,09/25/15 22:44:37,STABLE BEAMS,6500,54168.229,52840.973,12.6,PXL
257490:4420,593:593,09/25/15 22:45:00,STABLE BEAMS,6500,54246.306,52822.347,12.6,PXL
257490:4420,595:595,09/25/15 22:45:47,STABLE BEAMS,6500,54640.504,53398.103,12.7,PXL
257490:4420,596:596,09/25/15 22:46:10,STABLE BEAMS,6500,54333.348,53040.808,12.7,PXL
257490:4420,597:597,09/25/15 22:46:33,STABLE BEAMS,6500,54160.423,52896.341,12.6,PXL
257490:4420,599:599,09/25/15 22:47:20,STABLE BEAMS,6500,54299.964,53028.767,12.7,PXL
257490:4420,600:600,09/25/15 22:47:43,STABLE BEAMS,6500,54148.700,52876.883,12.6,PXL
257490:4420,601:601,09/25/15 22:48:06,STABLE BEAMS,6500,54193.745,52946.392,12.6,PXL
257490:4420,602:602,09/25/15 22:48:30,STABLE BEAMS,6500,54251.443,52948.062,12.6,PXL
257490:4420,604:604,09/25/15 22:49:16,STABLE BEAMS,6500,53876.157,52634.928,12.6,PXL
257490:4420,605:605,09/25/15 22:49:40,STABLE BEAMS,6500,53882.565,52632.094,12.6,PXL
257490:4420,609:609,09/25/15 22:51:13,STABLE BEAMS,6500,54194.242,52894.337,12.6,PXL
257490:4420,610:610,09/25/15 22:51:36,STABLE BEAMS,6500,54221.596,52922.239,12.6,PXL
257490:4420,612:612,09/25/15 22:52:23,STABLE BEAMS,6500,53956.794,52701.390,12.6,PXL
257490:4420,613:613,09/25/15 22:52:46,STABLE BEAMS,6500,54236.125,53004.588,12.6,PXL
257490:4420,614:614,09/25/15 22:53:10,STABLE BEAMS,6500,54100.699,52867.162,12.6,PXL
257490:4420,615:615,09/25/15 22:53:33,STABLE BEAMS,6500,54156.353,52911.224,12.6,PXL
257490:4420,616:616,09/25/15 22:53:56,STABLE BEAMS,6500,54201.568,52957.866,12.6,PXL
257490:4420,617:617,09/25/15 22:54:19,STABLE BEAMS,6500,53968.318,52613.690,12.6,PXL
257490:4420,618:618,09/25/15 22:54:43,STABLE BEAMS,6500,53986.707,52699.936,12.6,PXL
257490:4420,619:619,09/25/15 22:55:06,STABLE BEAMS,6500,53835.110,52564.283,12.6,PXL
257490:4420,620:620,09/25/15 22:55:29,STABLE BEAMS,6500,54378.677,53092.584,12.7,PXL
257490:4420,622:622,09/25/15 22:56:16,STABLE BEAMS,6500,53932.640,52648.023,12.6,PXL
257490:4420,623:623,09/25/15 22:56:39,STABLE BEAMS,6500,53801.997,52542.738,12.5,PXL
257490:4420,624:624,09/25/15 22:57:03,STABLE BEAMS,6500,53732.883,52462.645,12.5,PXL
257490:4420,625:625,09/25/15 22:57:26,STABLE BEAMS,6500,53994.343,52723.292,12.6,PXL
257490:4420,626:626,09/25/15 22:57:49,STABLE BEAMS,6500,54135.165,52865.160,12.6,PXL
257490:4420,627:627,09/25/15 22:58:13,STABLE BEAMS,6500,54211.928,52913.157,12.6,PXL
257490:4420,628:628,09/25/15 22:58:36,STABLE BEAMS,6500,53856.938,52577.942,12.6,PXL
257490:4420,629:629,09/25/15 22:58:59,STABLE BEAMS,6500,53978.613,52693.424,12.6,PXL
257490:4420,630:630,09/25/15 22:59:23,STABLE BEAMS,6500,53750.367,52436.548,12.5,PXL
257490:4420,633:633,09/25/15 23:00:33,STABLE BEAMS,6500,54116.211,52768.661,12.6,PXL
257490:4420,634:634,09/25/15 23:00:56,STABLE BEAMS,6500,53995.225,52597.646,12.6,PXL
257490:4420,635:635,09/25/15 23:01:19,STABLE BEAMS,6500,54055.161,52682.112,12.6,PXL
257531:4423,5:5,09/26/15 09:37:19,STABLE BEAMS,6500,70056.883,0.000,16.3,PXL
257531:4423,6:6,09/26/15 09:37:43,STABLE BEAMS,6500,70474.955,0.000,16.4,PXL
257531:4423,7:7,09/26/15 09:38:06,STABLE BEAMS,6500,71021.341,69326.140,16.6,PXL
257531:4423,8:8,09/26/15 09:38:29,STABLE BEAMS,6500,70564.937,68825.064,16.5,PXL
257531:4423,9:9,09/26/15 09:38:52,STABLE BEAMS,6500,70765.216,68947.998,16.5,PXL
257531:4423,10:10,09/26/15 09:39:16,STABLE BEAMS,6500,71231.356,69023.696,16.6,PXL
257531:4423,11:11,09/26/15 09:39:39,STABLE BEAMS,6500,70836.783,69099.257,16.5,PXL
257531:4423,12:12,09/26/15 09:40:02,STABLE BEAMS,6500,70867.460,69074.871,16.5,PXL
257531:4423,14:14,09/26/15 09:40:49,STABLE BEAMS,6500,70629.619,68788.734,16.5,PXL
257531:4423,15:15,09/26/15 09:41:12,STABLE BEAMS,6500,70392.471,68676.189,16.4,PXL
257531:4423,16:16,09/26/15 09:41:36,STABLE BEAMS,6500,70531.219,68754.989,16.4,PXL
257531:4423,17:17,09/26/15 09:41:59,STABLE BEAMS,6500,70828.776,69005.514,16.5,PXL
257531:4423,18:18,09/26/15 09:42:22,STABLE BEAMS,6500,70902.927,69147.473,16.5,PXL
257531:4423,19:19,09/26/15 09:42:46,STABLE BEAMS,6500,70482.120,68717.380,16.4,PXL
257531:4423,21:21,09/26/15 09:43:32,STABLE BEAMS,6500,70773.438,69048.197,16.5,PXL
257531:4423,24:24,09/26/15 09:44:42,STABLE BEAMS,6500,70437.380,68717.166,16.4,PXL
257531:4423,25:25,09/26/15 09:45:05,STABLE BEAMS,6500,70429.608,68631.018,16.4,PXL
257531:4423,27:27,09/26/15 09:45:52,STABLE BEAMS,6500,70377.188,68572.796,16.4,PXL
257531:4423,28:28,09/26/15 09:46:15,STABLE BEAMS,6500,70253.422,68515.622,16.4,PXL
257531:4423,29:29,09/26/15 09:46:39,STABLE BEAMS,6500,70187.200,68464.455,16.4,PXL
257531:4423,30:30,09/26/15 09:47:02,STABLE BEAMS,6500,69928.315,68170.985,16.3,PXL
257531:4423,31:31,09/26/15 09:47:25,STABLE BEAMS,6500,70626.637,68896.189,16.5,PXL
257531:4423,32:32,09/26/15 09:47:49,STABLE BEAMS,6500,70660.682,68848.389,16.5,PXL
257531:4423,33:33,09/26/15 09:48:12,STABLE BEAMS,6500,70460.383,68714.612,16.4,PXL
257531:4423,34:34,09/26/15 09:48:35,STABLE BEAMS,6500,70884.218,69123.133,16.5,PXL
257531:4423,36:36,09/26/15 09:49:22,STABLE BEAMS,6500,70104.866,68416.007,16.3,PXL
257531:4423,39:39,09/26/15 09:50:32,STABLE BEAMS,6500,70334.680,68561.025,16.4,PXL
257531:4423,40:40,09/26/15 09:50:55,STABLE BEAMS,6500,70247.092,68539.871,16.4,PXL
257531:4423,41:41,09/26/15 09:51:18,STABLE BEAMS,6500,70148.771,68395.464,16.4,PXL
257531:4423,42:42,09/26/15 09:51:42,STABLE BEAMS,6500,69968.780,68247.964,16.3,PXL
257531:4423,44:44,09/26/15 09:52:28,STABLE BEAMS,6500,70055.245,68302.081,16.3,PXL
257531:4423,45:45,09/26/15 09:52:52,STABLE BEAMS,6500,70551.397,68799.712,16.4,PXL
257531:4423,50:50,09/26/15 09:54:48,STABLE BEAMS,6500,69703.695,0.000,16.3,PXL
257531:4423,51:51,09/26/15 09:55:12,STABLE BEAMS,6500,70175.062,68427.447,16.4,PXL
257531:4423,52:52,09/26/15 09:55:35,STABLE BEAMS,6500,70090.066,68376.634,16.3,PXL
257531:4423,53:53,09/26/15 09:55:58,STABLE BEAMS,6500,69965.628,68195.838,16.3,PXL
257531:4423,54:54,09/26/15 09:56:21,STABLE BEAMS,6500,70061.405,68338.246,16.3,PXL
257531:4423,55:55,09/26/15 09:56:45,STABLE BEAMS,6500,69119.056,67442.872,16.1,PXL
257531:4423,56:56,09/26/15 09:57:08,STABLE BEAMS,6500,70113.897,68367.034,16.3,PXL
257531:4423,57:57,09/26/15 09:57:31,STABLE BEAMS,6500,69680.262,67983.359,16.2,PXL
257531:4423,58:58,09/26/15 09:57:55,STABLE BEAMS,6500,69308.358,67651.885,16.2,PXL
257531:4423,60:60,09/26/15 09:58:41,STABLE BEAMS,6500,69557.097,67884.689,16.2,PXL
257531:4423,61:61,09/26/15 09:59:05,STABLE BEAMS,6500,69532.266,67875.111,16.2,PXL
257531:4423,63:63,09/26/15 09:59:51,STABLE BEAMS,6500,69959.520,68212.119,16.3,PXL
257531:4423,64:64,09/26/15 10:00:15,STABLE BEAMS,6500,69528.925,67868.555,16.2,PXL
257531:4423,65:65,09/26/15 10:00:38,STABLE BEAMS,6500,70017.677,68350.389,16.3,PXL
257531:4423,66:66,09/26/15 10:01:01,STABLE BEAMS,6500,69621.394,67864.648,16.2,PXL
257531:4423,67:67,09/26/15 10:01:25,STABLE BEAMS,6500,69790.636,67964.837,16.3,PXL
257531:4423,68:68,09/26/15 10:01:48,STABLE BEAMS,6500,69774.218,68082.093,16.3,PXL
257531:4423,69:69,09/26/15 10:02:11,STABLE BEAMS,6500,69811.727,68134.578,16.3,PXL
257531:4423,70:70,09/26/15 10:02:34,STABLE BEAMS,6500,69295.477,67574.484,16.2,PXL
257531:4423,71:71,09/26/15 10:02:58,STABLE BEAMS,6500,69439.393,67444.122,16.2,PXL
257531:4423,72:72,09/26/15 10:03:21,STABLE BEAMS,6500,69177.846,67470.702,16.1,PXL
257531:4423,73:73,09/26/15 10:03:44,STABLE BEAMS,6500,69152.780,67476.591,16.1,PXL
257531:4423,74:74,09/26/15 10:04:08,STABLE BEAMS,6500,69398.523,67707.381,16.2,PXL
257531:4423,75:75,09/26/15 10:04:31,STABLE BEAMS,6500,69456.484,67773.581,16.2,PXL
257531:4423,76:76,09/26/15 10:04:54,STABLE BEAMS,6500,69375.338,67700.598,16.2,PXL
257531:4423,78:78,09/26/15 10:05:41,STABLE BEAMS,6500,69407.150,67672.536,16.2,PXL
257531:4423,79:79,09/26/15 10:06:04,STABLE BEAMS,6500,69148.134,67521.942,16.1,PXL
257531:4423,80:80,09/26/15 10:06:28,STABLE BEAMS,6500,69834.861,68094.115,16.3,PXL
257531:4423,81:81,09/26/15 10:06:51,STABLE BEAMS,6500,69154.210,67469.498,16.1,PXL
257531:4423,82:82,09/26/15 10:07:14,STABLE BEAMS,6500,68932.716,67229.359,16.1,PXL
257531:4423,83:83,09/26/15 10:07:38,STABLE BEAMS,6500,69212.118,67445.562,16.1,PXL
257531:4423,84:84,09/26/15 10:08:01,STABLE BEAMS,6500,69028.304,67398.235,16.1,PXL
257531:4423,85:85,09/26/15 10:08:24,STABLE BEAMS,6500,69420.802,67784.416,16.2,PXL
257531:4423,86:86,09/26/15 10:08:47,STABLE BEAMS,6500,69189.259,67184.489,16.1,PXL
257531:4423,87:87,09/26/15 10:09:11,STABLE BEAMS,6500,69086.212,67367.826,16.1,PXL
257531:4423,88:88,09/26/15 10:09:34,STABLE BEAMS,6500,68789.850,67084.468,16.0,PXL
257531:4423,89:89,09/26/15 10:09:57,STABLE BEAMS,6500,69515.992,67880.889,16.2,PXL
257531:4423,90:90,09/26/15 10:10:21,STABLE BEAMS,6500,68921.277,67194.601,16.1,PXL
257531:4423,91:91,09/26/15 10:10:44,STABLE BEAMS,6500,69333.476,67593.719,16.2,PXL
257531:4423,94:94,09/26/15 10:11:54,STABLE BEAMS,6500,69576.191,67822.026,16.2,PXL
257531:4423,95:95,09/26/15 10:12:17,STABLE BEAMS,6500,69426.675,67704.676,16.2,PXL
257531:4423,97:97,09/26/15 10:13:04,STABLE BEAMS,6500,69128.166,67486.533,16.1,PXL
257531:4423,98:98,09/26/15 10:13:27,STABLE BEAMS,6500,69284.161,67579.072,16.2,PXL
257531:4423,99:99,09/26/15 10:13:51,STABLE BEAMS,6500,68981.685,67248.144,16.1,PXL
257531:4423,101:101,09/26/15 10:14:37,STABLE BEAMS,6500,68976.347,67327.191,16.1,PXL
257531:4423,102:102,09/26/15 10:15:00,STABLE BEAMS,6500,68889.086,67245.910,16.1,PXL
257531:4423,103:103,09/26/15 10:15:24,STABLE BEAMS,6500,69238.156,67399.407,16.1,PXL
257531:4423,106:106,09/26/15 10:16:34,STABLE BEAMS,6500,69106.292,67214.823,16.1,PXL
257531:4423,107:107,09/26/15 10:16:57,STABLE BEAMS,6500,69070.401,67143.741,16.1,PXL
257531:4423,108:108,09/26/15 10:17:20,STABLE BEAMS,6500,69101.058,67215.094,16.1,PXL
257531:4423,109:109,09/26/15 10:17:44,STABLE BEAMS,6500,68883.199,66974.943,16.1,PXL
257531:4423,110:110,09/26/15 10:18:07,STABLE BEAMS,6500,69218.637,67289.676,16.1,PXL
257531:4423,111:111,09/26/15 10:18:30,STABLE BEAMS,6500,69279.052,67603.626,16.2,PXL
257531:4423,112:112,09/26/15 10:18:54,STABLE BEAMS,6500,69189.030,67517.704,16.1,PXL
257531:4423,114:114,09/26/15 10:19:40,STABLE BEAMS,6500,68559.580,66707.498,16.0,PXL
257531:4423,115:115,09/26/15 10:20:03,STABLE BEAMS,6500,68950.916,67159.481,16.1,PXL
257531:4423,116:116,09/26/15 10:20:27,STABLE BEAMS,6500,68688.448,67090.400,16.0,PXL
257531:4423,117:117,09/26/15 10:20:50,STABLE BEAMS,6500,68697.218,66997.579,16.0,PXL
257531:4423,118:118,09/26/15 10:21:13,STABLE BEAMS,6500,68491.608,66781.216,16.0,PXL
257531:4423,120:120,09/26/15 10:22:00,STABLE BEAMS,6500,68904.610,67272.501,16.1,PXL
257531:4423,121:121,09/26/15 10:22:23,STABLE BEAMS,6500,68837.259,67085.689,16.0,PXL
257531:4423,122:122,09/26/15 10:22:47,STABLE BEAMS,6500,68526.103,66924.099,16.0,PXL
257531:4423,124:124,09/26/15 10:23:33,STABLE BEAMS,6500,68597.383,66979.920,16.0,PXL
257531:4423,125:125,09/26/15 10:23:57,STABLE BEAMS,6500,68439.782,66797.583,16.0,PXL
257531:4423,127:127,09/26/15 10:24:43,STABLE BEAMS,6500,68718.734,67069.444,16.0,PXL
257531:4423,128:128,09/26/15 10:25:06,STABLE BEAMS,6500,69064.064,67412.734,16.1,PXL
257531:4423,130:130,09/26/15 10:25:53,STABLE BEAMS,6500,68777.366,67011.825,16.0,PXL
257531:4423,133:133,09/26/15 10:27:03,STABLE BEAMS,6500,68380.855,66752.021,15.9,PXL
257531:4423,134:134,09/26/15 10:27:26,STABLE BEAMS,6500,68866.566,67130.626,16.1,PXL
257531:4423,135:135,09/26/15 10:27:50,STABLE BEAMS,6500,68786.528,67080.459,16.0,PXL
257531:4423,136:136,09/26/15 10:28:13,STABLE BEAMS,6500,68665.882,66744.205,16.0,PXL
257531:4423,137:137,09/26/15 10:28:36,STABLE BEAMS,6500,69565.710,67641.388,16.2,PXL
257531:4423,138:138,09/26/15 10:29:00,STABLE BEAMS,6500,69200.131,67540.488,16.1,PXL
257531:4423,139:139,09/26/15 10:29:23,STABLE BEAMS,6500,68904.042,67092.711,16.1,PXL
257531:4423,140:140,09/26/15 10:29:46,STABLE BEAMS,6500,69057.989,67369.169,16.1,PXL
257531:4423,141:141,09/26/15 10:30:10,STABLE BEAMS,6500,68510.539,66764.522,16.0,PXL
257531:4423,142:142,09/26/15 10:30:33,STABLE BEAMS,6500,69229.111,67556.365,16.1,PXL
257531:4423,143:143,09/26/15 10:30:56,STABLE BEAMS,6500,68981.371,67291.504,16.1,PXL
257599:4426,42:42,09/26/15 21:47:23,STABLE BEAMS,6500,75161.993,0.000,17.5,PXL
257599:4426,45:45,09/26/15 21:48:33,STABLE BEAMS,6500,72955.440,71057.227,17.0,PXL
257599:4426,47:47,09/26/15 21:49:19,STABLE BEAMS,6500,72632.372,70831.865,16.9,PXL
257599:4426,49:49,09/26/15 21:50:06,STABLE BEAMS,6500,72738.018,70912.100,17.0,PXL
257599:4426,50:50,09/26/15 21:50:29,STABLE BEAMS,6500,73026.695,71158.541,17.0,PXL
257599:4426,51:51,09/26/15 21:50:52,STABLE BEAMS,6500,72380.010,70575.405,16.9,PXL
257599:4426,52:52,09/26/15 21:51:16,STABLE BEAMS,6500,72375.196,70535.897,16.9,PXL
257599:4426,53:53,09/26/15 21:51:39,STABLE BEAMS,6500,72284.413,70432.444,16.9,PXL
257599:4426,55:55,09/26/15 21:52:26,STABLE BEAMS,6500,72955.977,71161.408,17.0,PXL
257599:4426,56:56,09/26/15 21:52:49,STABLE BEAMS,6500,72647.818,70727.733,16.9,PXL
257599:4426,58:58,09/26/15 21:53:36,STABLE BEAMS,6500,73032.512,71127.568,17.0,PXL
257599:4426,59:59,09/26/15 21:53:59,STABLE BEAMS,6500,72675.376,70833.613,16.9,PXL
257599:4426,60:60,09/26/15 21:54:22,STABLE BEAMS,6500,72205.363,70321.832,16.8,PXL
257599:4426,63:63,09/26/15 21:55:32,STABLE BEAMS,6500,72336.607,70449.734,16.9,PXL
257599:4426,65:65,09/26/15 21:56:19,STABLE BEAMS,6500,72797.476,70940.087,17.0,PXL
257599:4426,66:66,09/26/15 21:56:42,STABLE BEAMS,6500,72454.057,70566.538,16.9,PXL
257599:4426,67:67,09/26/15 21:57:05,STABLE BEAMS,6500,72589.808,70759.934,16.9,PXL
257599:4426,68:68,09/26/15 21:57:29,STABLE BEAMS,6500,72419.313,70547.220,16.9,PXL
257599:4426,72:72,09/26/15 21:59:02,STABLE BEAMS,6500,72562.250,70672.346,16.9,PXL
257599:4426,73:73,09/26/15 21:59:25,STABLE BEAMS,6500,71959.846,70184.962,16.8,PXL
257599:4426,74:74,09/26/15 21:59:49,STABLE BEAMS,6500,71876.210,70088.013,16.8,PXL
257599:4426,75:75,09/26/15 22:00:12,STABLE BEAMS,6500,72329.022,70514.059,16.9,PXL
257599:4426,76:76,09/26/15 22:00:35,STABLE BEAMS,6500,72825.604,70940.427,17.0,PXL
257599:4426,77:77,09/26/15 22:00:59,STABLE BEAMS,6500,72406.199,70605.451,16.9,PXL
257599:4426,78:78,09/26/15 22:01:22,STABLE BEAMS,6500,72318.816,70470.173,16.9,PXL
257599:4426,79:79,09/26/15 22:01:45,STABLE BEAMS,6500,71985.131,70169.211,16.8,PXL
257599:4426,80:80,09/26/15 22:02:09,STABLE BEAMS,6500,72047.530,70133.515,16.8,PXL
257599:4426,82:82,09/26/15 22:02:55,STABLE BEAMS,6500,71966.043,70156.765,16.8,PXL
257599:4426,84:84,09/26/15 22:03:42,STABLE BEAMS,6500,72375.006,70573.468,16.9,PXL
257599:4426,85:85,09/26/15 22:04:05,STABLE BEAMS,6500,71723.362,69906.448,16.7,PXL
257599:4426,86:86,09/26/15 22:04:28,STABLE BEAMS,6500,72363.156,70637.587,16.9,PXL
257599:4426,87:87,09/26/15 22:04:52,STABLE BEAMS,6500,72265.607,70313.895,16.8,PXL
257599:4426,88:88,09/26/15 22:05:15,STABLE BEAMS,6500,71775.739,70029.586,16.7,PXL
257599:4426,89:89,09/26/15 22:05:38,STABLE BEAMS,6500,71822.804,69903.319,16.7,PXL
257599:4426,90:90,09/26/15 22:06:02,STABLE BEAMS,6500,71948.389,70140.455,16.8,PXL
257599:4426,91:91,09/26/15 22:06:25,STABLE BEAMS,6500,72407.221,70544.907,16.9,PXL
257599:4426,95:95,09/26/15 22:07:58,STABLE BEAMS,6500,71665.902,69869.156,16.7,PXL
257599:4426,96:96,09/26/15 22:08:21,STABLE BEAMS,6500,72393.799,70431.320,16.9,PXL
257599:4426,99:99,09/26/15 22:09:31,STABLE BEAMS,6500,72358.702,70545.410,16.9,PXL
257599:4426,100:100,09/26/15 22:09:55,STABLE BEAMS,6500,72249.139,70477.806,16.8,PXL
257599:4426,101:101,09/26/15 22:10:18,STABLE BEAMS,6500,72194.358,70337.734,16.8,PXL
257599:4426,102:102,09/26/15 22:10:41,STABLE BEAMS,6500,71969.914,70123.250,16.8,PXL
257599:4426,103:103,09/26/15 22:11:05,STABLE BEAMS,6500,71771.331,69770.630,16.7,PXL
257599:4426,104:104,09/26/15 22:11:28,STABLE BEAMS,6500,71739.345,69905.836,16.7,PXL
257599:4426,105:105,09/26/15 22:11:51,STABLE BEAMS,6500,71767.185,69860.992,16.7,PXL
257599:4426,107:107,09/26/15 22:12:38,STABLE BEAMS,6500,71725.426,69896.125,16.7,PXL
257599:4426,108:108,09/26/15 22:13:01,STABLE BEAMS,6500,71851.508,70094.855,16.8,PXL
257599:4426,110:110,09/26/15 22:13:48,STABLE BEAMS,6500,71838.185,70044.033,16.7,PXL
257599:4426,112:112,09/26/15 22:14:34,STABLE BEAMS,6500,71172.294,68932.111,16.6,PXL
257599:4426,113:113,09/26/15 22:14:58,STABLE BEAMS,6500,71941.420,69695.920,16.8,PXL
257599:4426,114:114,09/26/15 22:15:21,STABLE BEAMS,6500,72023.628,70253.739,16.8,PXL
257599:4426,117:117,09/26/15 22:16:31,STABLE BEAMS,6500,71948.605,70167.235,16.8,PXL
257599:4426,118:118,09/26/15 22:16:54,STABLE BEAMS,6500,71628.839,69745.639,16.7,PXL
257613:4428,17:17,09/27/15 04:28:02,STABLE BEAMS,6500,71496.415,69662.914,16.7,PXL
257613:4428,47:47,09/27/15 04:39:41,STABLE BEAMS,6500,72058.307,70225.556,16.8,PXL
257613:4428,50:50,09/27/15 04:40:51,STABLE BEAMS,6500,72597.512,70668.439,16.9,PXL
257613:4428,64:64,09/27/15 04:46:17,STABLE BEAMS,6500,72200.699,70385.306,16.8,PXL
257613:4428,73:73,09/27/15 04:49:47,STABLE BEAMS,6500,72283.502,70525.010,16.9,PXL
257613:4428,143:143,09/27/15 05:16:59,STABLE BEAMS,6500,70935.867,69072.407,16.5,PXL
257613:4428,183:183,09/27/15 05:32:31,STABLE BEAMS,6500,70386.252,68649.734,16.4,PXL
257613:4428,223:223,09/27/15 05:48:04,STABLE BEAMS,6500,69900.297,68146.331,16.3,PXL
257613:4428,237:237,09/27/15 05:53:30,STABLE BEAMS,6500,69169.195,67479.874,16.1,PXL
257613:4428,265:265,09/27/15 06:04:23,STABLE BEAMS,6500,69142.736,67443.165,16.1,PXL
257613:4428,366:366,09/27/15 06:43:37,STABLE BEAMS,6500,66998.341,65408.061,15.6,PXL
257613:4428,384:384,09/27/15 06:50:37,STABLE BEAMS,6500,67045.098,65225.301,15.6,PXL
257613:4428,411:411,09/27/15 07:01:06,STABLE BEAMS,6500,66650.118,64875.438,15.5,PXL
257613:4428,501:501,09/27/15 07:36:04,STABLE BEAMS,6500,65289.051,63737.237,15.2,PXL
257613:4428,554:554,09/27/15 07:56:40,STABLE BEAMS,6500,65354.233,63834.243,15.2,PXL
257613:4428,587:587,09/27/15 08:09:29,STABLE BEAMS,6500,65249.754,63726.134,15.2,PXL
257613:4428,598:598,09/27/15 08:13:45,STABLE BEAMS,6500,64732.648,63141.395,15.1,PXL
257613:4428,712:712,09/27/15 08:58:03,STABLE BEAMS,6500,62902.570,61480.838,14.7,PXL
257613:4428,722:722,09/27/15 09:01:56,STABLE BEAMS,6500,63337.910,61884.579,14.8,PXL
257613:4428,791:791,09/27/15 09:28:44,STABLE BEAMS,6500,62052.761,60535.243,14.5,PXL
257613:4428,832:832,09/27/15 09:44:40,STABLE BEAMS,6500,62143.775,60725.621,14.5,PXL
257613:4428,842:842,09/27/15 09:48:33,STABLE BEAMS,6500,61595.550,59962.740,14.4,PXL
257613:4428,844:844,09/27/15 09:49:20,STABLE BEAMS,6500,62008.752,60618.660,14.5,PXL
257613:4428,860:860,09/27/15 09:55:33,STABLE BEAMS,6500,61621.252,60230.997,14.4,PXL
257613:4428,955:955,09/27/15 10:32:27,STABLE BEAMS,6500,61295.279,59910.526,14.3,PXL
#Summary:
#nfill,nrun,nls,ncms,totdelivered(/ub),totrecorded(/ub)
#4,4,647,647,38892104.760,37614505.908

Warning: problems found in merging -i and --normtag selections:
  run 257531, [[5, 45], [50, 143]] is not a superset of [[5, 5], [6, 6], [7, 7], [8, 8], [9, 9], [10, 10], [11, 11], [12, 12], [14, 14], [15, 15], [16, 16], [17, 17], [18, 18], [19, 19], [21, 21], [24, 24], [25, 25], [27, 27], [28, 28], [29, 29], [30, 30], [31, 31], [32, 32], [33, 33], [34, 34], [36, 36], [39, 39], [40, 40], [41, 41], [42, 42], [44, 44], [45, 45], [50, 50], [51, 51], [52, 52], [53, 53], [54, 54], [55, 55], [56, 56], [57, 57], [58, 58], [60, 60], [61, 61], [63, 63], [64, 64], [65, 65], [66, 66], [67, 67], [68, 68], [69, 69], [70, 70], [71, 71], [72, 72], [73, 73], [74, 74], [75, 75], [76, 76], [78, 78], [79, 79], [80, 80], [81, 81], [82, 82], [83, 83], [84, 84], [85, 85], [86, 86], [87, 87], [88, 88], [89, 89], [90, 90], [91, 91], [94, 94], [95, 95], [97, 97], [98, 98], [99, 99], [101, 101], [102, 102], [103, 103], [106, 106], [107, 107], [108, 108], [109, 109], [110, 110], [111, 111], [112, 112], [114, 114], [115, 115], [116, 116], [117, 117], [118, 118], [120, 120], [121, 121], [122, 122], [124, 124], [125, 125], [127, 127], [128, 128], [130, 130], [133, 133], [134, 134], [135, 135], [136, 136], [137, 137], [138, 138], [139, 139], [140, 140], [141, 141], [142, 142], [143, 143], [144, 144]]

#Check JSON:
#(run,ls) in json but not in results: []
